,Start,End,Delta
0,23/02/25 17:39:35,23/02/25 17:39:39,0 days 00:00:04.056110
0,24/02/25 10:42:02,24/02/25 12:48:35,0 days 02:06:33.648640
0,24/02/25 13:53:46,24/02/25 14:30:51,0 days 00:37:05.454124
