,Start,End,Delta
0,22/02/25 14:13:33,22/02/25 15:31:03,0 days 01:17:30.287363
0,22/02/25 15:43:02,22/02/25 16:18:15,0 days 00:35:13.558243
0,22/02/25 18:18:34,22/02/25 19:39:44,0 days 01:21:10.819492
