,Start,End,Delta
0,15/02/25 12:36:41,15/02/25 13:14:38,0 days 00:37:57.623574
0,15/02/25 14:51:44,15/02/25 15:16:38,0 days 00:24:54.337553
0,15/02/25 15:58:20,15/02/25 16:44:50,0 days 00:46:30.915419
0,23/02/25 13:27:07,23/02/25 14:01:05,0 days 00:33:58.630313
0,03/03/25 08:48:44,03/03/25 13:44:49,0 days 04:56:05.570691
